{
  "IMG_0873.jpeg": 1767426483.8080726,
  "IMG_0824.jpeg": 1767426471.595747,
  "IMG_0832.jpeg": 1767426474.7301047,
  "IMG_0865.jpeg": 1767426482.4721508,
  "IMG_0799.jpeg": 1767426458.226791,
  "IMG_0849.jpeg": 1767426475.2280414,
  "IMG_0808.jpeg": 1767426465.5641923,
  "IMG_0890.jpeg": 1767426501.7226257,
  "IMG_0869.jpeg": 1767426483.6596174,
  "IMG_0886.jpeg": 1767426501.249036,
  "IMG_0812.jpeg": 1767426466.34192,
  "IMG_0795.jpeg": 1767426458.090618,
  "IMG_0853.jpeg": 1767426475.6248634,
  "IMG_0804.jpeg": 1767426465.2501426,
  "IMG_0805.jpeg": 1767426465.328781,
  "IMG_0852.jpeg": 1767426475.562131,
  "IMG_0794.jpeg": 1767426457.925878,
  "IMG_0864.MOV": 1767426482.3720782,
  "IMG_0868.jpeg": 1767426483.6101165,
  "IMG_0887.jpeg": 1767426501.3373203,
  "IMG_0829.jpeg": 1767426474.6353467,
  "IMG_0891.jpeg": 1767426501.775905,
  "IMG_0809.jpeg": 1767426466.0757096,
  "IMG_0848.jpeg": 1767426475.15383,
  "IMG_0798.jpeg": 1767426458.2929583,
  "IMG_0866.MOV": 1767426483.4501853,
  "IMG_0833.jpeg": 1767426474.853144,
  "IMG_0872.jpeg": 1767426483.7600799,
  "IMG_0814.MOV": 1767426466.530202,
  "IMG_0800.MOV": 1767426460.4932036,
  "IMG_0750.jpeg": 1767430225.2147036,
  "IMG_0843.JPG": 1767161042.0,
  "IMG_0801.MOV": 1767426461.8870265,
  "IMG_0815.MOV": 1767426471.0458798,
  "IMG_0875.jpeg": 1767426483.8937402,
  "IMG_0822.jpeg": 1767426471.5459495,
  "IMG_0834.jpeg": 1767426474.8040025,
  "IMG_0803.MOV": 1767426465.124131,
  "IMG_0863.jpeg": 1767426479.629344,
  "IMG_0882.jpg": 1767196131.0,
  "IMG_0802.MOV": 1767426464.730378,
  "IMG_0818.jpeg": 1767426471.2900538,
  "IMG_0859.jpeg": 1767426479.4315333,
  "IMG_0858.jpeg": 1767426479.3872218,
  "IMG_0819.jpeg": 1767426471.34291,
  "IMG_0862.jpeg": 1767426479.5506163,
  "IMG_0813.MOV": 1767426470.1008365,
  "IMG_0835.jpeg": 1767426474.9270825,
  "IMG_0874.jpeg": 1767426483.8504052,
  "IMG_0854.jpeg": 1767426475.713806,
  "IMG_0884.JPG": 1767202184.0,
  "IMG_0751.jpeg": 1767430224.8540735,
  "IMG_0878.jpeg": 1767426484.0493186,
  "IMG_0857.jpeg": 1767426479.3297205,
  "IMG_0816.jpeg": 1767426471.1791868,
  "IMG_0752.jpeg": 1767430225.021061,
  "IMG_0861.jpeg": 1767426479.4805982,
  "IMG_0823.MOV": 1767426472.1930366,
  "IMG_0836.jpeg": 1767426475.0079906,
  "IMG_0820.jpeg": 1767426471.4213152,
  "IMG_0877.jpeg": 1767426483.9962652,
  "IMG_0876.jpeg": 1767426483.9446156,
  "IMG_0821.jpeg": 1767426471.4849715,
  "IMG_0826.MOV": 1767426474.4329805,
  "IMG_0883.jpeg": 1767426501.090763,
  "IMG_0753.jpeg": 1767430225.0918565,
  "IMG_0817.jpeg": 1767426471.2365148,
  "IMG_0825.MOV": 1767426473.021879,
  "IMG_0856.jpeg": 1767426479.2690034,
  "IMG_0888.jpeg": 1767426501.5835297,
  "IMG_0867.jpeg": 1767426483.5440288,
  "IMG_0830.jpeg": 1767426474.5532134,
  "IMG_0871.jpeg": 1767426483.7110732,
  "IMG_0806.jpeg": 1767426465.4109216,
  "IMG_0851.jpeg": 1767426475.501874,
  "IMG_0797.jpeg": 1767426458.1632788,
  "IMG_0847.jpeg": 1767426475.0817814,
  "IMG_0855.MOV": 1767426479.1798387,
  "IMG_0810.jpeg": 1767426466.1598105,
  "IMG_0754.jpeg": 1767430225.3476355,
  "IMG_0885.jpeg": 1767426501.1666055,
  "IMG_0755.jpeg": 1767430225.2804146,
  "IMG_0811.jpeg": 1767426466.2446382,
  "IMG_0879.MOV": 1767426500.9444802,
  "IMG_0796.jpeg": 1767426458.014357,
  "IMG_0850.jpeg": 1767426475.3300116,
  "IMG_0807.jpeg": 1767426465.4877975,
  "IMG_0831.jpeg": 1767426474.6884701,
  "IMG_0889.jpeg": 1767426501.6705098
}